{"lr": 0.00997794446709763, "data_time": 0.014073038101196289, "loss": 2.2137377977371218, "decode.loss_ce": 1.5807411432266236, "decode.acc_seg": 52.865806579589844, "aux.loss_ce": 0.6329966008663177, "aux.acc_seg": 52.51841735839844, "time": 1.2929871320724486, "step": 100}
{"lr": 0.009955660594668054, "data_time": 0.013814091682434082, "loss": 1.798011803627014, "decode.loss_ce": 1.279475736618042, "decode.acc_seg": 66.8183822631836, "aux.loss_ce": 0.5185360789299012, "aux.acc_seg": 66.03556060791016, "time": 1.2921367645263673, "step": 200}
{"lr": 0.009933371122565919, "data_time": 0.013500714302062988, "loss": 2.174104642868042, "decode.loss_ce": 1.5517282605171203, "decode.acc_seg": 48.25518798828125, "aux.loss_ce": 0.6223763734102249, "aux.acc_seg": 48.27193069458008, "time": 1.2942138195037842, "step": 300}
{"lr": 0.009911076035273796, "data_time": 0.015127062797546387, "loss": 2.1131401300430297, "decode.loss_ce": 1.5111875176429748, "decode.acc_seg": 62.49625778198242, "aux.loss_ce": 0.6019526243209838, "aux.acc_seg": 62.62772750854492, "time": 1.2970315933227539, "step": 400}
{"aAcc": 73.31, "mIoU": 3.49, "mAcc": 4.76, "step": 400}
{"lr": 0.0098887753171919, "data_time": 0.013920116424560546, "loss": 1.8535345911979675, "decode.loss_ce": 1.3263301014900208, "decode.acc_seg": 62.09906768798828, "aux.loss_ce": 0.5272044897079468, "aux.acc_seg": 62.15938949584961, "time": 1.2954551219940185, "step": 500}
{"lr": 0.009866468952637547, "data_time": 0.013935089111328125, "loss": 1.9202906847000123, "decode.loss_ce": 1.3705562055110931, "decode.acc_seg": 69.59925079345703, "aux.loss_ce": 0.5497344702482223, "aux.acc_seg": 69.19326782226562, "time": 1.2970078229904174, "step": 600}
{"lr": 0.009844156925844432, "data_time": 0.014286375045776368, "loss": 1.9577502250671386, "decode.loss_ce": 1.3895883321762086, "decode.acc_seg": 44.975196838378906, "aux.loss_ce": 0.5681619018316268, "aux.acc_seg": 43.71595764160156, "time": 1.2985517024993896, "step": 700}
{"lr": 0.009821839220962003, "data_time": 0.014372420310974122, "loss": 1.9746199250221252, "decode.loss_ce": 1.4002643704414368, "decode.acc_seg": 54.31174087524414, "aux.loss_ce": 0.574355560541153, "aux.acc_seg": 54.22749710083008, "time": 1.2979815006256104, "step": 800}
{"aAcc": 73.33, "mIoU": 3.69, "mAcc": 4.96, "step": 800}
{"lr": 0.009799515822054777, "data_time": 0.014547204971313477, "loss": 2.046238386631012, "decode.loss_ce": 1.4550939440727233, "decode.acc_seg": 68.6985855102539, "aux.loss_ce": 0.591144397854805, "aux.acc_seg": 68.69847869873047, "time": 1.2983808517456055, "step": 900}
{"lr": 0.00977718671310168, "data_time": 0.014302659034729003, "loss": 1.9486995100975038, "decode.loss_ce": 1.381050443649292, "decode.acc_seg": 62.63702392578125, "aux.loss_ce": 0.567649069428444, "aux.acc_seg": 62.65695571899414, "time": 1.3001989841461181, "step": 1000}
{"lr": 0.009754851877995354, "data_time": 0.014403986930847167, "loss": 1.8080679297447204, "decode.loss_ce": 1.2835195899009704, "decode.acc_seg": 71.06959533691406, "aux.loss_ce": 0.5245483249425889, "aux.acc_seg": 71.13662719726562, "time": 1.3019243478775024, "step": 1100}
{"lr": 0.009732511300541468, "data_time": 0.014406180381774903, "loss": 1.9989253759384156, "decode.loss_ce": 1.4262621819972991, "decode.acc_seg": 58.820701599121094, "aux.loss_ce": 0.5726631999015808, "aux.acc_seg": 59.42101287841797, "time": 1.30186870098114, "step": 1200}
{"aAcc": 71.64, "mIoU": 5.12, "mAcc": 7.65, "step": 1200}
{"lr": 0.009710164964458045, "data_time": 0.013804984092712403, "loss": 1.9345805644989014, "decode.loss_ce": 1.3746926665306092, "decode.acc_seg": 52.77880096435547, "aux.loss_ce": 0.5598878890275956, "aux.acc_seg": 52.93882369995117, "time": 1.3055146217346192, "step": 1300}
{"lr": 0.009687812853374727, "data_time": 0.014368844032287598, "loss": 1.8701016426086425, "decode.loss_ce": 1.3246920943260192, "decode.acc_seg": 57.33751678466797, "aux.loss_ce": 0.545409545302391, "aux.acc_seg": 58.19356155395508, "time": 1.303502631187439, "step": 1400}
{"lr": 0.009665454950832103, "data_time": 0.013690614700317382, "loss": 1.6449803709983826, "decode.loss_ce": 1.158628261089325, "decode.acc_seg": 54.85634994506836, "aux.loss_ce": 0.48635214269161225, "aux.acc_seg": 55.51629638671875, "time": 1.3017311096191406, "step": 1500}
{"lr": 0.009643091240280942, "data_time": 0.013824963569641113, "loss": 1.7371658205986023, "decode.loss_ce": 1.2245447278022765, "decode.acc_seg": 66.14382934570312, "aux.loss_ce": 0.5126210987567902, "aux.acc_seg": 66.36827087402344, "time": 1.3023311376571656, "step": 1600}
{"aAcc": 73.47, "mIoU": 4.69, "mAcc": 6.06, "step": 1600}
{"lr": 0.009620721705081534, "data_time": 0.014372754096984863, "loss": 1.8704567492008208, "decode.loss_ce": 1.3273016333580017, "decode.acc_seg": 62.116214752197266, "aux.loss_ce": 0.5431550979614258, "aux.acc_seg": 62.673675537109375, "time": 1.304449772834778, "step": 1700}
{"lr": 0.009598346328502901, "data_time": 0.014395737648010254, "loss": 1.8768595933914185, "decode.loss_ce": 1.3273244500160217, "decode.acc_seg": 52.60968017578125, "aux.loss_ce": 0.5495351493358612, "aux.acc_seg": 53.58540344238281, "time": 1.3058196306228638, "step": 1800}
{"lr": 0.009575965093722064, "data_time": 0.013666486740112305, "loss": 1.7490610241889955, "decode.loss_ce": 1.2300129413604737, "decode.acc_seg": 67.6573715209961, "aux.loss_ce": 0.5190480828285218, "aux.acc_seg": 68.44046783447266, "time": 1.3018243312835693, "step": 1900}
{"lr": 0.009553577983823325, "data_time": 0.014605426788330078, "loss": 1.8440484762191773, "decode.loss_ce": 1.3024712383747101, "decode.acc_seg": 62.09212112426758, "aux.loss_ce": 0.5415772378444672, "aux.acc_seg": 61.70412063598633, "time": 1.3069986343383788, "step": 2000}
{"aAcc": 73.15, "mIoU": 5.59, "mAcc": 7.91, "step": 2000}
{"lr": 0.0095311849817975, "data_time": 0.014136505126953126, "loss": 1.6006605446338653, "decode.loss_ce": 1.1271078824996947, "decode.acc_seg": 55.59145736694336, "aux.loss_ce": 0.4735526740550995, "aux.acc_seg": 53.199214935302734, "time": 1.3067434310913086, "step": 2100}
{"lr": 0.009508786070541123, "data_time": 0.014820456504821777, "loss": 1.7412261605262755, "decode.loss_ce": 1.2251489877700805, "decode.acc_seg": 62.96126174926758, "aux.loss_ce": 0.5160771787166596, "aux.acc_seg": 62.321617126464844, "time": 1.3078373193740844, "step": 2200}
{"lr": 0.009486381232855704, "data_time": 0.0147782564163208, "loss": 1.9430094718933106, "decode.loss_ce": 1.3784212708473205, "decode.acc_seg": 43.358768463134766, "aux.loss_ce": 0.5645881503820419, "aux.acc_seg": 44.454708099365234, "time": 1.3088343620300293, "step": 2300}
{"lr": 0.009463970451446941, "data_time": 0.014705181121826172, "loss": 1.811112678050995, "decode.loss_ce": 1.2760802388191224, "decode.acc_seg": 62.32943344116211, "aux.loss_ce": 0.5350324392318726, "aux.acc_seg": 61.6087646484375, "time": 1.3070281505584718, "step": 2400}
{"aAcc": 72.87, "mIoU": 5.12, "mAcc": 6.94, "step": 2400}
{"lr": 0.009441553708923918, "data_time": 0.014684224128723144, "loss": 1.6614581108093263, "decode.loss_ce": 1.156020814180374, "decode.acc_seg": 54.557003021240234, "aux.loss_ce": 0.5054373025894165, "aux.acc_seg": 54.247901916503906, "time": 1.3072165966033935, "step": 2500}
{"lr": 0.009419130987798348, "data_time": 0.014556527137756348, "loss": 1.835700309276581, "decode.loss_ce": 1.2962649464607239, "decode.acc_seg": 68.20292663574219, "aux.loss_ce": 0.5394353359937668, "aux.acc_seg": 67.06214904785156, "time": 1.3053738832473756, "step": 2600}
{"lr": 0.009396702270483696, "data_time": 0.014267230033874511, "loss": 1.814810311794281, "decode.loss_ce": 1.2751120388507844, "decode.acc_seg": 59.10883331298828, "aux.loss_ce": 0.539698275923729, "aux.acc_seg": 60.689090728759766, "time": 1.3060434341430665, "step": 2700}
{"lr": 0.009374267539294417, "data_time": 0.014273476600646973, "loss": 1.6272255539894105, "decode.loss_ce": 1.1328782558441162,